store_id,sku_id,avg_daily_forecast,forecast_std,lead_time_days,safety_stock,reorder_point
S01,SKU001,62.31,8.07,6.0,32.6,406.44
S01,SKU002,40.53,5.15,6.0,20.82,264.02
S01,SKU003,22.53,2.53,6.0,10.24,145.39
S01,SKU004,50.03,6.42,5.0,23.68,273.82
S01,SKU005,59.43,7.08,6.0,28.63,385.19
S01,SKU006,56.61,7.75,5.0,28.59,311.63
S01,SKU007,44.86,4.54,5.0,16.75,241.07
S01,SKU008,37.89,4.57,5.0,16.85,206.31
S01,SKU009,25.6,2.87,5.0,10.6,138.62
S01,SKU010,70.68,9.32,5.0,34.38,387.77
S01,SKU011,36.93,4.84,6.0,19.55,241.14
S01,SKU012,71.1,7.24,6.0,29.28,455.87
S01,SKU013,52.49,5.95,6.0,24.06,338.97
S01,SKU014,52.28,6.79,5.0,25.06,286.48
S01,SKU015,24.49,3.1,6.0,12.51,159.45
S01,SKU016,26.58,3.39,6.0,13.68,173.18
S01,SKU017,23.49,3.34,6.0,13.51,154.44
S01,SKU018,48.72,6.3,5.0,23.23,266.81
S01,SKU019,50.75,6.59,6.0,26.65,331.16
S01,SKU020,72.0,7.87,5.0,29.04,389.03
S02,SKU001,47.06,5.76,6.0,23.3,305.64
S02,SKU002,50.13,6.5,6.0,26.26,327.04
S02,SKU003,62.56,8.15,5.0,30.06,342.84
S02,SKU004,21.73,3.38,5.0,12.48,121.13
S02,SKU005,52.63,6.05,6.0,24.46,340.25
S02,SKU006,42.75,4.98,5.0,18.38,232.12
S02,SKU007,24.51,2.29,5.0,8.46,131.0
S02,SKU008,51.15,5.99,5.0,22.08,277.85
S02,SKU009,33.2,4.4,6.0,17.78,217.01
S02,SKU010,43.28,5.71,6.0,23.08,282.76
S02,SKU011,36.71,4.78,5.0,17.63,201.18
S02,SKU012,23.47,3.29,6.0,13.3,154.13
S02,SKU013,59.24,7.94,5.0,29.3,325.5
S02,SKU014,58.09,7.17,6.0,28.97,377.53
S02,SKU015,23.77,3.5,6.0,14.16,156.77
S02,SKU016,21.61,3.33,5.0,12.28,120.35
S02,SKU017,19.48,2.59,5.0,9.56,106.95
S02,SKU018,30.25,4.65,6.0,18.8,200.29
S02,SKU019,49.19,7.62,6.0,30.82,325.98
S02,SKU020,48.18,5.74,5.0,21.18,262.07
S03,SKU001,69.48,8.15,5.0,30.08,377.46
S03,SKU002,33.35,4.41,5.0,16.27,183.0
S03,SKU003,40.27,4.89,5.0,18.03,219.37
S03,SKU004,55.61,6.33,6.0,25.59,359.24
S03,SKU005,66.05,8.46,5.0,31.22,361.47
S03,SKU006,40.91,4.81,6.0,19.43,264.89
S03,SKU007,67.48,6.38,6.0,25.79,430.66
S03,SKU008,69.16,9.07,5.0,33.47,379.28
S03,SKU009,38.56,4.68,6.0,18.93,250.31
S03,SKU010,58.22,5.74,5.0,21.18,312.27
S03,SKU011,58.14,7.15,6.0,28.88,377.73
S03,SKU012,57.44,8.14,6.0,32.89,377.54
S03,SKU013,37.17,4.51,5.0,16.66,202.48
S03,SKU014,68.03,8.69,5.0,32.07,372.24
S03,SKU015,24.31,3.09,5.0,11.39,132.93
S03,SKU016,62.94,6.99,5.0,25.79,340.5
S03,SKU017,57.78,6.79,5.0,25.05,313.94
S03,SKU018,72.63,6.88,6.0,27.82,463.62
S03,SKU019,34.01,3.78,5.0,13.94,183.99
S03,SKU020,53.25,6.79,6.0,27.46,346.93
S04,SKU001,25.23,3.62,6.0,14.65,166.04
S04,SKU002,33.79,3.88,5.0,14.33,183.28
S04,SKU003,26.7,3.81,5.0,14.05,147.56
S04,SKU004,57.06,6.65,6.0,26.86,369.24
S04,SKU005,26.74,3.28,6.0,13.24,173.7
S04,SKU006,42.73,5.33,6.0,21.53,277.89
S04,SKU007,52.21,7.16,6.0,28.95,342.19
S04,SKU008,64.9,8.07,5.0,29.78,354.26
S04,SKU009,39.3,4.78,5.0,17.62,214.13
S04,SKU010,61.1,8.02,5.0,29.59,335.1
S04,SKU011,23.21,3.37,6.0,13.61,152.86
S04,SKU012,60.63,7.41,5.0,27.32,330.46
S04,SKU013,53.57,6.02,5.0,22.2,290.04
S04,SKU014,45.83,4.72,5.0,17.4,246.53
S04,SKU015,26.76,3.97,5.0,14.65,148.44
S04,SKU016,44.61,5.2,5.0,19.17,242.22
S04,SKU017,19.95,3.53,6.0,14.26,133.96
S04,SKU018,37.81,5.09,5.0,18.77,207.8
S04,SKU019,31.68,4.56,6.0,18.43,208.52
S04,SKU020,24.56,3.18,5.0,11.72,134.51
S05,SKU001,36.07,4.22,5.0,15.55,195.91
S05,SKU002,57.32,7.18,6.0,29.01,372.94
S05,SKU003,67.9,8.26,6.0,33.39,440.79
S05,SKU004,58.81,8.17,6.0,33.0,385.86
S05,SKU005,20.13,2.74,5.0,10.1,110.77
S05,SKU006,23.33,2.88,6.0,11.65,151.63
S05,SKU007,67.14,8.52,5.0,31.43,367.12
S05,SKU008,25.22,2.74,5.0,10.1,136.21
S05,SKU009,59.33,7.31,6.0,29.54,385.49
S05,SKU010,65.03,7.5,6.0,30.3,420.46
S05,SKU011,44.94,5.1,5.0,18.83,243.53
S05,SKU012,39.88,5.0,5.0,18.45,217.86
S05,SKU013,48.2,6.92,5.0,25.54,266.56
S05,SKU014,41.0,5.38,5.0,19.85,224.86
S05,SKU015,29.45,3.68,5.0,13.59,160.82
S05,SKU016,64.96,7.28,7.0,31.8,486.53
S05,SKU017,36.44,4.19,6.0,16.93,235.55
S05,SKU018,57.08,7.09,5.0,26.17,311.57
S05,SKU019,24.82,3.63,5.0,13.39,137.5
S05,SKU020,65.08,9.01,5.0,33.25,358.64
